{
  "crazing": {
    "precision": 1.0,
    "recall": 1.0,
    "f1-score": 1.0,
    "support": 45.0
  },
  "inclusion": {
    "precision": 0.84,
    "recall": 0.9333333333333333,
    "f1-score": 0.8842105263157894,
    "support": 45.0
  },
  "patches": {
    "precision": 1.0,
    "recall": 1.0,
    "f1-score": 1.0,
    "support": 45.0
  },
  "pitted_surface": {
    "precision": 0.8936170212765957,
    "recall": 0.9333333333333333,
    "f1-score": 0.9130434782608695,
    "support": 45.0
  },
  "rolled-in_scale": {
    "precision": 1.0,
    "recall": 1.0,
    "f1-score": 1.0,
    "support": 45.0
  },
  "scratches": {
    "precision": 0.9473684210526315,
    "recall": 0.8,
    "f1-score": 0.8674698795180723,
    "support": 45.0
  },
  "accuracy": 0.9444444444444444,
  "macro avg": {
    "precision": 0.9468309070548712,
    "recall": 0.9444444444444445,
    "f1-score": 0.944120647349122,
    "support": 270.0
  },
  "weighted avg": {
    "precision": 0.9468309070548712,
    "recall": 0.9444444444444444,
    "f1-score": 0.9441206473491219,
    "support": 270.0
  }
}